DATE,HOUR,OPEN,HIGH,LOW,CLOSE
1971.01.01,00:00,0.5369,0.5388,0.5365,0.5387
1971.02.01,00:00,0.5386,0.5389,0.5379,0.5379
1971.03.01,00:00,0.5383,0.539,0.5382,0.5387
1971.04.01,00:00,0.5388,0.5389,0.5367,0.5384
1971.05.01,00:00,0.5385,0.5586,0.5385,0.5514
1971.06.01,00:00,0.5478,0.5598,0.5478,0.5592
1971.07.01,00:00,0.5592,0.5651,0.5586,0.5651
1971.08.01,00:00,0.5649,0.5775,0.5649,0.5755
1971.09.01,00:00,0.5758,0.5907,0.5758,0.5896
1971.10.01,00:00,0.5889,0.5901,0.5858,0.5858
1971.11.01,00:00,0.5865,0.5912,0.5841,0.5904
1971.12.01,00:00,0.5921,0.6016,0.5921,0.6006
1972.01.01,00:00,0.5977,0.6098,0.5976,0.6092
1972.02.01,00:00,0.6107,0.6197,0.6107,0.6149
1972.03.01,00:00,0.6149,0.6196,0.5965,0.6174
1972.04.01,00:00,0.6175,0.6175,0.612,0.615
1972.05.01,00:00,0.6151,0.6163,0.6139,0.6157
1972.06.01,00:00,0.6155,0.6221,0.6128,0.6206
1972.07.01,00:00,0.6208,0.6213,0.6155,0.6159
1972.08.01,00:00,0.6156,0.6157,0.6114,0.6132
1972.09.01,00:00,0.6129,0.6144,0.6104,0.6104
1972.10.01,00:00,0.6086,0.6117,0.6083,0.6101
1972.11.01,00:00,0.6107,0.6129,0.6092,0.6129
1972.12.01,00:00,0.6133,0.6134,0.6114,0.6114
1973.01.01,00:00,0.61,0.6203,0.6085,0.62
1973.02.01,00:00,0.6207,0.6902,0.6189,0.6881
1973.03.01,00:00,0.6987,0.7118,0.6882,0.6884
1973.04.01,00:00,0.6848,0.6931,0.684,0.6892
1973.05.01,00:00,0.6891,0.7252,0.6855,0.7248
1973.06.01,00:00,0.731,0.8049,0.7299,0.8039
1973.07.01,00:00,0.8146,0.8645,0.8126,0.8418
1973.08.01,00:00,0.8351,0.8366,0.7881,0.7944
1973.09.01,00:00,0.7978,0.8189,0.7966,0.8101
1973.10.01,00:00,0.8108,0.8193,0.7987,0.7997
1973.11.01,00:00,0.7977,0.7996,0.7334,0.7455
1973.12.01,00:00,0.7446,0.7446,0.7385,0.7418
1974.01.01,00:00,0.7081,0.7107,0.6774,0.7081
1974.02.01,00:00,0.7064,0.7363,0.7064,0.7307
1974.03.01,00:00,0.729,0.7817,0.729,0.7728
1974.04.01,00:00,0.7683,0.7989,0.7575,0.7956
1974.05.01,00:00,0.796,0.8164,0.7657,0.7747
1974.06.01,00:00,0.7778,0.7896,0.7569,0.7675
1974.07.01,00:00,0.7632,0.7798,0.7558,0.7594
1974.08.01,00:00,0.7595,0.7616,0.7342,0.735
1974.09.01,00:00,0.7359,0.7395,0.7311,0.7374
1974.10.01,00:00,0.739,0.765,0.7388,0.7586
1974.11.01,00:00,0.762,0.8021,0.7619,0.7903
1974.12.01,00:00,0.7831,0.7968,0.7821,0.7963
1975.01.01,00:00,0.8102,0.8498,0.8091,0.8361
1975.02.01,00:00,0.8299,0.8586,0.8216,0.8583
1975.03.01,00:00,0.859,0.859,0.8308,0.8339
1975.04.01,00:00,0.8369,0.8369,0.8153,0.8222
1975.05.01,00:00,0.8222,0.8429,0.8207,0.8352
1975.06.01,00:00,0.8364,0.8398,0.8288,0.8296
1975.07.01,00:00,0.8264,0.8271,0.7613,0.7616
1975.08.01,00:00,0.7617,0.7664,0.7544,0.7573
1975.09.01,00:00,0.7576,0.7598,0.7321,0.7383
1975.10.01,00:00,0.7494,0.7654,0.743,0.7646
1975.11.01,00:00,0.7655,0.7655,0.7449,0.7453
1975.12.01,00:00,0.7478,0.7485,0.7428,0.7432
1976.01.01,00:00,0.7468,0.7559,0.7466,0.7557
1976.02.01,00:00,0.7615,0.772,0.759,0.7614
1976.03.01,00:00,0.7581,0.7733,0.7579,0.7699
1976.04.01,00:00,0.774,0.7742,0.7679,0.7712
1976.05.01,00:00,0.7717,0.7723,0.7541,0.7544
1976.06.01,00:00,0.7536,0.7619,0.7532,0.7594
1976.07.01,00:00,0.7589,0.7693,0.7574,0.7692
1976.08.01,00:00,0.7713,0.7802,0.768,0.7735
1976.09.01,00:00,0.7759,0.8035,0.7751,0.8035
1976.10.01,00:00,0.7992,0.8163,0.7951,0.815
1976.11.01,00:00,0.811,0.8149,0.8071,0.8134
1976.12.01,00:00,0.8099,0.8171,0.8099,0.817
1977.01.01,00:00,0.8344,0.8357,0.8044,0.8123
1977.02.01,00:00,0.8093,0.8191,0.8073,0.819
1977.03.01,00:00,0.8176,0.8201,0.8152,0.8181
1977.04.01,00:00,0.8175,0.8309,0.8175,0.8303
1977.05.01,00:00,0.8304,0.8339,0.8242,0.8289
1977.06.01,00:00,0.8296,0.8363,0.828,0.8356
1977.07.01,00:00,0.8355,0.8708,0.8355,0.8542
1977.08.01,00:00,0.8507,0.8536,0.8359,0.8439
1977.09.01,00:00,0.8438,0.8469,0.839,0.8436
1977.10.01,00:00,0.8537,0.8691,0.8495,0.8691
1977.11.01,00:00,0.8731,0.8834,0.8648,0.8796
1977.12.01,00:00,0.8839,0.9098,0.8837,0.9092
1978.01.01,00:00,0.9357,0.9478,0.908,0.926
1978.02.01,00:00,0.9246,0.9704,0.9244,0.9704
1978.03.01,00:00,0.9683,0.979,0.9491,0.9788
1978.04.01,00:00,0.9742,0.9746,0.939,0.9431
1978.05.01,00:00,0.9445,0.9454,0.9165,0.9325
1978.06.01,00:00,0.9355,0.9441,0.9335,0.9439
1978.07.01,00:00,0.9469,0.9599,0.9447,0.9597
1978.08.01,00:00,0.9583,1.0053,0.9575,0.9834
1978.09.01,00:00,0.9887,1.011,0.9751,1.0083
1978.10.01,00:00,1.011,1.1347,1.0091,1.1149
1978.11.01,00:00,1.0517,1.0523,1.0021,1.0141
1978.12.01,00:00,1.0113,1.0282,1.0113,1.0265
1979.01.01,00:00,1.0747,1.0759,1.0432,1.0436
1979.02.01,00:00,1.0387,1.0638,1.0368,1.0558
1979.03.01,00:00,1.0544,1.0567,1.047,1.047
1979.04.01,00:00,1.0382,1.0394,1.0263,1.0301
1979.05.01,00:00,1.0318,1.0326,1.0183,1.0245
1979.06.01,00:00,1.0198,1.0649,1.0198,1.0646
1979.07.01,00:00,1.0617,1.0836,1.0617,1.0668
1979.08.01,00:00,1.0692,1.0733,1.0667,1.0719
1979.09.01,00:00,1.0728,1.1272,1.0725,1.1231
1979.10.01,00:00,1.1254,1.1259,1.0792,1.0846
1979.11.01,00:00,1.0881,1.1323,1.0864,1.1311
1979.12.01,00:00,1.1446,1.145,1.115,1.1255
1980.01.01,00:00,1.1437,1.1457,1.1214,1.1221
1980.02.01,00:00,1.1214,1.1285,1.1007,1.1008
1980.03.01,00:00,1.0967,1.0967,0.9995,1.001
1980.04.01,00:00,0.9943,1.0897,0.9895,1.0863
1980.05.01,00:00,1.0852,1.1098,1.0723,1.1006
1980.06.01,00:00,1.0967,1.1159,1.0965,1.1088
1980.07.01,00:00,1.1113,1.1279,1.0944,1.0961
1980.08.01,00:00,1.0916,1.1058,1.0817,1.0921
1980.09.01,00:00,1.0994,1.1015,1.0783,1.0787
1980.10.01,00:00,1.0817,1.0871,1.025,1.0256
1980.11.01,00:00,1.0226,1.0355,0.9987,1.0152
1980.12.01,00:00,1.0079,1.0087,0.9673,0.9749
1981.01.01,00:00,0.9905,1.0107,0.9174,0.9174
1981.02.01,00:00,0.9206,0.9403,0.8799,0.9179
1981.03.01,00:00,0.9068,0.9574,0.9049,0.9268
1981.04.01,00:00,0.933,0.9336,0.8836,0.8843
1981.05.01,00:00,0.8873,0.8879,0.8335,0.8391
1981.06.01,00:00,0.8347,0.8378,0.8085,0.8168
1981.07.01,00:00,0.8111,0.8145,0.7886,0.7902
1981.08.01,00:00,0.7728,0.8004,0.7598,0.7969
1981.09.01,00:00,0.7971,0.8768,0.7965,0.8414
1981.10.01,00:00,0.8424,0.8958,0.842,0.8746
1981.11.01,00:00,0.8777,0.888,0.8657,0.8855
1981.12.01,00:00,0.8792,0.8825,0.8567,0.8589
1982.01.01,00:00,0.8736,0.8748,0.8367,0.8432
1982.02.01,00:00,0.832,0.8352,0.8152,0.8181
1982.03.01,00:00,0.8188,0.8347,0.8088,0.8099
1982.04.01,00:00,0.8141,0.8391,0.8064,0.8388
1982.05.01,00:00,0.8363,0.8573,0.8328,0.8331
1982.06.01,00:00,0.8228,0.8283,0.7843,0.794
1982.07.01,00:00,0.7941,0.82,0.7778,0.7939
1982.08.01,00:00,0.8022,0.8086,0.775,0.7842
1982.09.01,00:00,0.7865,0.793,0.7689,0.7729
1982.10.01,00:00,0.7749,0.7859,0.7635,0.7636
1982.11.01,00:00,0.767,0.7943,0.7534,0.7936
1982.12.01,00:00,0.7929,0.8112,0.7891,0.7988
1983.01.01,00:00,0.8249,0.8389,0.7897,0.7921
1983.02.01,00:00,0.792,0.8192,0.7842,0.8021
1983.03.01,00:00,0.8005,0.8243,0.8005,0.805
1983.04.01,00:00,0.8057,0.8117,0.7928,0.7932
1983.05.01,00:00,0.7944,0.8036,0.7708,0.7733
1983.06.01,00:00,0.7667,0.7765,0.7603,0.7693
1983.07.01,00:00,0.7696,0.7696,0.7383,0.7383
1983.08.01,00:00,0.7305,0.7455,0.7153,0.7264
1983.09.01,00:00,0.7251,0.7435,0.7249,0.7434
1983.10.01,00:00,0.746,0.7621,0.7398,0.7422
1983.11.01,00:00,0.7374,0.7396,0.72,0.725
1983.12.01,00:00,0.724,0.7246,0.7058,0.707
1984.01.01,00:00,0.7097,0.7122,0.6887,0.6948
1984.02.01,00:00,0.6995,0.7529,0.6977,0.752
1984.03.01,00:00,0.7499,0.7701,0.7365,0.7544
1984.04.01,00:00,0.7538,0.7567,0.7186,0.7189
1984.05.01,00:00,0.7169,0.7245,0.7031,0.7157
1984.06.01,00:00,0.7267,0.7336,0.6965,0.7031
1984.07.01,00:00,0.7,0.7006,0.6729,0.6737
1984.08.01,00:00,0.6705,0.6846,0.6702,0.6771
1984.09.01,00:00,0.6732,0.6732,0.6174,0.6401
1984.10.01,00:00,0.6377,0.65,0.6223,0.6455
1984.11.01,00:00,0.6518,0.6698,0.629,0.6296
1984.12.01,00:00,0.6293,0.6393,0.6279,0.6336
1985.01.01,00:00,0.6163,0.6228,0.6125,0.6184
1985.02.01,00:00,0.6152,0.6157,0.5633,0.5859
1985.03.01,00:00,0.5831,0.6343,0.5698,0.6342
1985.04.01,00:00,0.6291,0.657,0.6112,0.632
1985.05.01,00:00,0.6248,0.6457,0.6023,0.6374
1985.06.01,00:00,0.6427,0.6505,0.6304,0.6436
1985.07.01,00:00,0.6437,0.7008,0.6404,0.6994
1985.08.01,00:00,0.6959,0.7129,0.6849,0.6975
1985.09.01,00:00,0.692,0.736,0.6597,0.7308
1985.10.01,00:00,0.735,0.7476,0.7286,0.7468
1985.11.01,00:00,0.7507,0.7784,0.7441,0.7784
1985.12.01,00:00,0.7777,0.7815,0.7658,0.7765
1986.01.01,00:00,0.8013,0.8222,0.7894,0.8189
1986.02.01,00:00,0.8156,0.8863,0.809,0.8782
1986.03.01,00:00,0.8805,0.8885,0.8317,0.8333
1986.04.01,00:00,0.8358,0.9034,0.8137,0.9003
1986.05.01,00:00,0.892,0.9031,0.8412,0.8426
1986.06.01,00:00,0.8408,0.8906,0.8391,0.889
1986.07.01,00:00,0.897,0.9352,0.8929,0.9344
1986.08.01,00:00,0.938,0.9607,0.9332,0.9585
1986.09.01,00:00,0.9631,0.9827,0.9349,0.9654
1986.10.01,00:00,0.9664,0.9926,0.9451,0.9476
1986.11.01,00:00,0.9474,0.9911,0.9442,0.9907
1986.12.01,00:00,0.9962,0.9982,0.9654,0.9685
1987.01.01,00:00,1.0197,1.1002,1.0124,1.0676
1987.02.01,00:00,1.0801,1.0922,1.0524,1.07
1987.03.01,00:00,1.0685,1.0852,1.0451,1.0837
1987.04.01,00:00,1.0742,1.1008,1.0632,1.0891
1987.05.01,00:00,1.0953,1.1062,1.072,1.0728
1987.06.01,00:00,1.0659,1.0935,1.0625,1.0703
1987.07.01,00:00,1.0703,1.0729,1.0483,1.0526
1987.08.01,00:00,1.0498,1.0805,1.0305,1.08
1987.09.01,00:00,1.0789,1.091,1.0615,1.0621
1987.10.01,00:00,1.06,1.1318,1.0591,1.13
1987.11.01,00:00,1.1401,1.1971,1.1359,1.1929
1987.12.01,00:00,1.1852,1.2039,1.17,1.2009
1988.01.01,00:00,1.2354,1.2368,1.1591,1.1651
1988.02.01,00:00,1.1555,1.1627,1.1397,1.1584
1988.03.01,00:00,1.16,1.181,1.1526,1.1808
1988.04.01,00:00,1.1807,1.1824,1.1548,1.1693
1988.05.01,00:00,1.166,1.1678,1.1309,1.1321
1988.06.01,00:00,1.1341,1.1414,1.069,1.0762
1988.07.01,00:00,1.0738,1.0776,1.0355,1.0441
1988.08.01,00:00,1.0425,1.0532,1.0186,1.0412
1988.09.01,00:00,1.0427,1.0612,1.0354,1.0431
1988.10.01,00:00,1.0499,1.1053,1.0479,1.0999
1988.11.01,00:00,1.0945,1.1401,1.0899,1.1259
1988.12.01,00:00,1.1293,1.1356,1.1113,1.1195
1989.01.01,00:00,1.1093,1.1107,1.0411,1.0442
1989.02.01,00:00,1.0479,1.0796,1.0376,1.0723
1989.03.01,00:00,1.064,1.0647,1.0308,1.0323
1989.04.01,00:00,1.0379,1.0593,1.0356,1.0404
1989.05.01,00:00,1.0364,1.0404,0.9719,0.9879
1989.06.01,00:00,0.9866,1.0087,0.9593,1.0017
1989.07.01,00:00,1.0081,1.0535,1.0062,1.0483
1989.08.01,00:00,1.0486,1.0608,0.9927,0.9949
1989.09.01,00:00,0.9951,1.0496,0.9764,1.0446
1989.10.01,00:00,1.0426,1.0706,1.0178,1.0622
1989.11.01,00:00,1.0626,1.1044,1.0419,1.0998
1989.12.01,00:00,1.0991,1.1299,1.0925,1.1285
1990.01.01,00:00,1.1624,1.1746,1.1277,1.1575
1990.02.01,00:00,1.1581,1.1863,1.1458,1.147
1990.03.01,00:00,1.1466,1.1656,1.1347,1.1518
1990.04.01,00:00,1.1514,1.1726,1.146,1.1651
1990.05.01,00:00,1.165,1.2025,1.1512,1.1534
1990.06.01,00:00,1.1533,1.1791,1.1476,1.1779
1990.07.01,00:00,1.1789,1.2337,1.1765,1.2321
1990.08.01,00:00,1.2315,1.2695,1.2058,1.2407
1990.09.01,00:00,1.24,1.2662,1.2252,1.2491
1990.10.01,00:00,1.2519,1.3114,1.2519,1.2885
1990.11.01,00:00,1.2884,1.3339,1.2808,1.3074
1990.12.01,00:00,1.3096,1.3369,1.2904,1.3244
1991.01.01,00:00,1.3101,1.3261,1.2486,1.3238
1991.02.01,00:00,1.3239,1.355,1.2794,1.2829
1991.03.01,00:00,1.2822,1.2833,1.136,1.1477
1991.04.01,00:00,1.1513,1.1817,1.0972,1.1461
1991.05.01,00:00,1.1459,1.1621,1.111,1.1225
1991.06.01,00:00,1.1223,1.1256,1.0732,1.0796
1991.07.01,00:00,1.0812,1.1299,1.0612,1.1223
1991.08.01,00:00,1.1224,1.1508,1.0663,1.1182
1991.09.01,00:00,1.1199,1.1796,1.1186,1.1709
1991.10.01,00:00,1.171,1.1793,1.1356,1.1724
1991.11.01,00:00,1.172,1.239,1.1701,1.2034
1991.12.01,00:00,1.21,1.252,1.209,1.237
1992.01.01,00:00,1.2841,1.3006,1.1966,1.2126
1992.02.01,00:00,1.2161,1.2564,1.174,1.1894
1992.03.01,00:00,1.1895,1.1986,1.1615,1.1903
1992.04.01,00:00,1.19,1.212,1.1663,1.1872
1992.05.01,00:00,1.1872,1.2319,1.1816,1.2166
1992.06.01,00:00,1.2172,1.2918,1.2067,1.2836
1992.07.01,00:00,1.2837,1.3509,1.2775,1.3247
1992.08.01,00:00,1.3263,1.4013,1.3147,1.3953
1992.09.01,00:00,1.396,1.4102,1.2783,1.3865
1992.10.01,00:00,1.3863,1.4072,1.2605,1.268
1992.11.01,00:00,1.2686,1.2698,1.2099,1.2316
1992.12.01,00:00,1.231,1.2609,1.2245,1.2481
1993.01.01,00:00,1.2028,1.2479,1.1858,1.2125
1993.02.01,00:00,1.213,1.2155,1.1737,1.1822
1993.03.01,00:00,1.1826,1.218,1.169,1.2162
1993.04.01,00:00,1.2161,1.2494,1.2074,1.2343
1993.05.01,00:00,1.2334,1.2466,1.1907,1.2302
1993.06.01,00:00,1.2321,1.2375,1.1386,1.145
1993.07.01,00:00,1.1453,1.1622,1.1203,1.1227
1993.08.01,00:00,1.1224,1.1775,1.1192,1.1658
1993.09.01,00:00,1.1654,1.2315,1.1649,1.1967
1993.10.01,00:00,1.1968,1.2294,1.1569,1.1594
1993.11.01,00:00,1.1597,1.1634,1.1376,1.1408
1993.12.01,00:00,1.1402,1.1567,1.1314,1.1388
1994.01.01,00:00,1.1248,1.1368,1.1135,1.129
1994.02.01,00:00,1.1287,1.1507,1.1069,1.1473
1994.03.01,00:00,1.1471,1.1783,1.1338,1.1679
1994.04.01,00:00,1.1677,1.1894,1.1355,1.1825
1994.05.01,00:00,1.1821,1.1981,1.1634,1.1881
1994.06.01,00:00,1.1879,1.2436,1.1675,1.2325
1994.07.01,00:00,1.2324,1.2894,1.2184,1.2436
1994.08.01,00:00,1.2445,1.2813,1.2278,1.2369
1994.09.01,00:00,1.2367,1.2769,1.2354,1.2612
1994.10.01,00:00,1.2608,1.3161,1.2531,1.3017
1994.11.01,00:00,1.3015,1.3117,1.2434,1.2468
1994.12.01,00:00,1.2467,1.2498,1.2352,1.2469
1995.01.01,00:00,1.2626,1.3028,1.2496,1.2834
1995.02.01,00:00,1.2825,1.346,1.2718,1.3401
1995.03.01,00:00,1.3397,1.4535,1.3319,1.4289
1995.04.01,00:00,1.4289,1.452,1.3788,1.4086
1995.05.01,00:00,1.4087,1.4358,1.338,1.3814
1995.06.01,00:00,1.3822,1.4204,1.3609,1.4152
1995.07.01,00:00,1.415,1.4249,1.3836,1.4102
1995.08.01,00:00,1.4103,1.4247,1.3072,1.3325
1995.09.01,00:00,1.3328,1.3886,1.3,1.3696
1995.10.01,00:00,1.3687,1.416,1.3548,1.3875
1995.11.01,00:00,1.3876,1.3993,1.3485,1.3529
1995.12.01,00:00,1.3526,1.3701,1.3452,1.3493
1996.01.01,00:00,1.3617,1.3669,1.3088,1.3151
1996.02.01,00:00,1.3142,1.3566,1.3084,1.328
1996.03.01,00:00,1.3278,1.3339,1.3108,1.3224
1996.04.01,00:00,1.3226,1.3269,1.2737,1.2769
1996.05.01,00:00,1.2768,1.292,1.2617,1.2839
1996.06.01,00:00,1.2839,1.2949,1.2657,1.2809
1996.07.01,00:00,1.2809,1.3353,1.2596,1.3289
1996.08.01,00:00,1.3288,1.3305,1.3072,1.3189
1996.09.01,00:00,1.3189,1.3227,1.2791,1.2837
1996.10.01,00:00,1.2837,1.2993,1.2658,1.2887
1996.11.01,00:00,1.2886,1.3138,1.2703,1.2704
1996.12.01,00:00,1.2717,1.2827,1.2424,1.256
1997.01.01,00:00,1.2673,1.2715,1.1805,1.1948
1997.02.01,00:00,1.1924,1.1951,1.1456,1.1572
1997.03.01,00:00,1.155,1.1768,1.1364,1.1682
1997.04.01,00:00,1.1682,1.1762,1.1244,1.1304
1997.05.01,00:00,1.1302,1.1728,1.1273,1.1454
1997.06.01,00:00,1.1456,1.1489,1.1199,1.1213
1997.07.01,00:00,1.121,1.1244,1.0577,1.0638
1997.08.01,00:00,1.0634,1.0947,1.0344,1.0819
1997.09.01,00:00,1.0788,1.1193,1.0631,1.1113
1997.10.01,00:00,1.1113,1.144,1.0913,1.1334
1997.11.01,00:00,1.134,1.1537,1.1057,1.1091
1997.12.01,00:00,1.1097,1.1125,1.0893,1.1014
1998.01.01,00:00,1.088,1.1158,1.0608,1.0686
1998.02.01,00:00,1.0672,1.0962,1.0646,1.0767
1998.03.01,00:00,1.0778,1.0962,1.0721,1.0769
1998.04.01,00:00,1.0755,1.1101,1.07,1.1025
1998.05.01,00:00,1.101,1.1216,1.0991,1.1034
1998.06.01,00:00,1.101,1.1188,1.086,1.0983
1998.07.01,00:00,1.0959,1.1178,1.079,1.11
1998.08.01,00:00,1.108,1.1306,1.0876,1.1306
1998.09.01,00:00,1.129,1.184,1.1192,1.1801
1998.10.01,00:00,1.1777,1.2401,1.177,1.1902
1998.11.01,00:00,1.1905,1.1943,1.1455,1.16
1998.12.01,00:00,1.1595,1.1967,1.1565,1.1837
1999.01.01,00:00,1.1801,1.1862,1.1342,1.1367
1999.02.01,00:00,1.1383,1.1397,1.0926,1.1025
1999.03.01,00:00,1.0982,1.107,1.068,1.0769
1999.04.01,00:00,1.0767,1.0884,1.0547,1.0575
1999.05.01,00:00,1.0586,1.0833,1.0397,1.0422
1999.06.01,00:00,1.0418,1.0559,1.026,1.0362
1999.07.01,00:00,1.036,1.0746,1.0107,1.0714
1999.08.01,00:00,1.0699,1.0827,1.0398,1.0562
1999.09.01,00:00,1.0565,1.0729,1.0286,1.0679
1999.10.01,00:00,1.0679,1.0915,1.0431,1.0527
1999.11.01,00:00,1.0551,1.0594,1.0037,1.0085
1999.12.01,00:00,1.0085,1.0297,0.9991,1.0096
2000.01.01,00:00,1.0073,1.0415,0.9667,0.9711
2000.02.01,00:00,0.9711,1.0089,0.9401,0.9635
2000.03.01,00:00,0.9635,0.9793,0.9478,0.9552
2000.04.01,00:00,0.9562,0.9749,0.903,0.9117
2000.05.01,00:00,0.912,0.9412,0.8844,0.937
2000.06.01,00:00,0.937,0.97,0.9284,0.9523
2000.07.01,00:00,0.9524,0.9599,0.9192,0.9266
2000.08.01,00:00,0.9267,0.9293,0.8841,0.8886
2000.09.01,00:00,0.8886,0.904,0.8439,0.8842
2000.10.01,00:00,0.8841,0.8858,0.8227,0.8484
2000.11.01,00:00,0.8488,0.8796,0.8372,0.8724
2000.12.01,00:00,0.8727,0.943,0.8701,0.9427
2001.01.01,00:00,0.9421,0.9596,0.9115,0.9377
2001.02.01,00:00,0.9376,0.9445,0.9014,0.9235
2001.03.01,00:00,0.9234,0.9382,0.8749,0.8755
2001.04.01,00:00,0.8743,0.9093,0.8706,0.8892
2001.05.01,00:00,0.8893,0.9009,0.8439,0.8446
2001.06.01,00:00,0.8455,0.8674,0.841,0.8497
2001.07.01,00:00,0.8503,0.8825,0.8346,0.8763
2001.08.01,00:00,0.8762,0.9241,0.8737,0.9125
2001.09.01,00:00,0.9094,0.9335,0.8824,0.9114
2001.10.01,00:00,0.9103,0.9246,0.8867,0.9002
2001.11.01,00:00,0.9003,0.9121,0.8735,0.8956
2001.12.01,00:00,0.8956,0.9083,0.8741,0.8899
2002.01.01,00:00,0.8897,0.9069,0.857,0.8592
2002.02.01,00:00,0.8593,0.8803,0.8562,0.8695
2002.03.01,00:00,0.8693,0.887,0.8629,0.8719
2002.04.01,00:00,0.8716,0.9049,0.8714,0.9005
2002.05.01,00:00,0.9005,0.9416,0.899,0.9337
2002.06.01,00:00,0.933,0.9992,0.9302,0.9911
2002.07.01,00:00,0.9914,1.021,0.9714,0.9774
2002.08.01,00:00,0.9772,0.9919,0.9621,0.9815
2002.09.01,00:00,0.9824,0.9993,0.9608,0.9865
2002.10.01,00:00,0.9866,0.9931,0.9687,0.9906
2002.11.01,00:00,0.9904,1.0173,0.9877,0.9938
2002.12.01,00:00,0.9928,1.0507,0.986,1.0493
2003.01.01,00:00,1.0492,1.091,1.0335,1.0771
2003.02.01,00:00,1.0789,1.0938,1.0664,1.0806
2003.03.01,00:00,1.0779,1.1087,1.0502,1.0922
2003.04.01,00:00,1.0916,1.1191,1.0559,1.1183
2003.05.01,00:00,1.1182,1.1931,1.1154,1.1785
2003.06.01,00:00,1.172,1.1932,1.1399,1.1524
2003.07.01,00:00,1.1523,1.1613,1.1112,1.1233
2003.08.01,00:00,1.1234,1.143,1.0788,1.0985
2003.09.01,00:00,1.099,1.1739,1.0762,1.1658
2003.10.01,00:00,1.1653,1.1865,1.1531,1.1586
2003.11.01,00:00,1.1582,1.2019,1.1376,1.1998
2003.12.01,00:00,1.1988,1.2649,1.1935,1.2596
2004.01.01,00:00,1.2592,1.2901,1.2333,1.2467
2004.02.01,00:00,1.2481,1.293,1.2371,1.2495
2004.03.01,00:00,1.2481,1.2544,1.2046,1.2316
2004.04.01,00:00,1.2314,1.2391,1.1759,1.1986
2004.05.01,00:00,1.1996,1.23,1.177,1.2192
2004.06.01,00:00,1.2197,1.2356,1.1953,1.2186
2004.07.01,00:00,1.2188,1.2464,1.199,1.2019
2004.08.01,00:00,1.2069,1.2391,1.1968,1.2182
2004.09.01,00:00,1.2181,1.2446,1.2026,1.2428
2004.10.01,00:00,1.2429,1.2844,1.2224,1.2787
2004.11.01,00:00,1.2818,1.3336,1.2655,1.3289
2004.12.01,00:00,1.3289,1.367,1.3139,1.356
2005.01.01,00:00,1.3562,1.3581,1.2922,1.3045
2005.02.01,00:00,1.3046,1.328,1.2732,1.3215
2005.03.01,00:00,1.3216,1.3483,1.2856,1.2965
2005.04.01,00:00,1.2962,1.3127,1.2767,1.2874
2005.05.01,00:00,1.2862,1.2993,1.2294,1.2308
2005.06.01,00:00,1.2308,1.2356,1.1982,1.2094
2005.07.01,00:00,1.2091,1.2259,1.1865,1.2123
2005.08.01,00:00,1.2123,1.2489,1.2117,1.2342
2005.09.01,00:00,1.2341,1.2591,1.1978,1.2064
2005.10.01,00:00,1.202,1.2209,1.1875,1.1984
2005.11.01,00:00,1.1983,1.2085,1.1638,1.179
2005.12.01,00:00,1.179,1.2064,1.166,1.1838
2006.01.01,00:00,1.1849,1.2324,1.1801,1.2148
2006.02.01,00:00,1.2141,1.2167,1.1825,1.1931
2006.03.01,00:00,1.1929,1.2209,1.1859,1.2116
2006.04.01,00:00,1.2119,1.2643,1.2031,1.2635
2006.05.01,00:00,1.2629,1.2973,1.2555,1.2817
2006.06.01,00:00,1.2817,1.2981,1.2478,1.279
2006.07.01,00:00,1.2788,1.2864,1.2457,1.2767
2006.08.01,00:00,1.2769,1.2942,1.2694,1.2806
2006.09.01,00:00,1.2809,1.2877,1.2629,1.2673
2006.10.01,00:00,1.2683,1.2782,1.2483,1.2765
2006.11.01,00:00,1.2764,1.3273,1.2681,1.3238
2006.12.01,00:00,1.3238,1.3364,1.3051,1.3204
2007.01.01,00:00,1.3189,1.3296,1.2865,1.3021
2007.02.01,00:00,1.3022,1.3258,1.2911,1.3223
2007.03.01,00:00,1.3225,1.341,1.307,1.3354
2007.04.01,00:00,1.3372,1.3681,1.3318,1.3642
2007.05.01,00:00,1.3641,1.3671,1.3406,1.3451
2007.06.01,00:00,1.3451,1.3553,1.3262,1.354
2007.07.01,00:00,1.3542,1.3851,1.3527,1.3677
2007.08.01,00:00,1.3679,1.3838,1.336,1.3628
2007.09.01,00:00,1.3628,1.4278,1.355,1.4266
2007.10.01,00:00,1.428,1.4503,1.4014,1.4471
2007.11.01,00:00,1.4472,1.4966,1.4403,1.4638
2007.12.01,00:00,1.4648,1.4769,1.4309,1.4595
2008.01.01,00:00,1.4652,1.4921,1.4365,1.4847
2008.02.01,00:00,1.485,1.5238,1.4438,1.5178
2008.03.01,00:00,1.5212,1.5902,1.5145,1.5761
2008.04.01,00:00,1.5764,1.6018,1.551,1.5619
2008.05.01,00:00,1.5619,1.5818,1.5284,1.5554
2008.06.01,00:00,1.5561,1.5843,1.5302,1.5753
2008.07.01,00:00,1.5753,1.6038,1.5521,1.5597
2008.08.01,00:00,1.5597,1.5631,1.4571,1.4678
2008.09.01,00:00,1.4709,1.4867,1.3881,1.4115
2008.10.01,00:00,1.4115,1.4174,1.233,1.2727
2008.11.01,00:00,1.2766,1.3114,1.2389,1.269
2008.12.01,00:00,1.2694,1.4719,1.2552,1.3956
2009.01.01,00:00,1.3868,1.3986,1.2763,1.2812
2009.02.01,00:00,1.2752,1.3093,1.2512,1.2666
2009.03.01,00:00,1.2617,1.3737,1.2456,1.32426
2009.04.01,00:00,1.32416,1.35806,1.28844,1.32236
2009.05.01,00:00,1.32235,1.41678,1.32123,1.41597
2009.06.01,00:00,1.41322,1.43378,1.37477,1.40352
2009.07.01,00:00,1.4036,1.43036,1.38323,1.42561
2009.08.01,00:00,1.42703,1.44465,1.40454,1.43311
2009.09.01,00:00,1.4331,1.48427,1.4177,1.46368
2009.10.01,00:00,1.46367,1.50617,1.44835,1.47185
2009.11.01,00:00,1.47346,1.51437,1.46262,1.50075
2009.12.01,00:00,1.50074,1.51399,1.42175,1.43278
2010.01.01,00:00,1.43259,1.45785,1.3861,1.38611
2010.02.01,00:00,1.38627,1.40255,1.34433,1.3631
2010.03.01,00:00,1.36222,1.38171,1.32671,1.35062
2010.04.01,00:00,1.35065,1.36913,1.31141,1.32936
2010.05.01,00:00,1.33296,1.33326,1.21435,1.2308
2010.06.01,00:00,1.23061,1.24664,1.18758,1.22302
2010.07.01,00:00,1.223,1.3106,1.2193,1.30504
2010.08.01,00:00,1.30596,1.33327,1.25874,1.26889
2010.09.01,00:00,1.26892,1.36825,1.26434,1.36283
2010.10.01,00:00,1.36295,1.41505,1.36183,1.39459
2010.11.01,00:00,1.39703,1.42813,1.29694,1.29811
2010.12.01,00:00,1.29809,1.34966,1.29707,1.33836
2011.01.01,00:00,1.33443,1.37573,1.28736,1.36908
2011.02.01,00:00,1.36908,1.38607,1.34279,1.38088
2011.03.01,00:00,1.38088,1.42479,1.37447,1.41736
2011.04.01,00:00,1.41733,1.48809,1.40614,1.48062
2011.05.01,00:00,1.48249,1.49385,1.39692,1.43945
2011.06.01,00:00,1.43947,1.46955,1.40731,1.44906
2011.07.01,00:00,1.44908,1.45769,1.38371,1.43945
2011.08.01,00:00,1.43607,1.45482,1.40553,1.43725
2011.09.01,00:00,1.43725,1.43767,1.33624,1.33846
2011.10.01,00:00,1.33447,1.4246,1.31458,1.38594
2011.11.01,00:00,1.38592,1.38702,1.32119,1.34392
2011.12.01,00:00,1.34392,1.35449,1.28577,1.2946
2012.01.01,00:00,1.29443,1.3233,1.26241,1.30879
2012.02.01,00:00,1.30881,1.34856,1.29745,1.33232
2012.03.01,00:00,1.33227,1.33848,1.30032,1.33408
2012.04.01,00:00,1.33562,1.33801,1.29945,1.32417
2012.05.01,00:00,1.32416,1.32828,1.23362,1.23597
2012.06.01,00:00,1.23594,1.27468,1.22882,1.26655
2012.07.01,00:00,1.26696,1.26703,1.20418,1.22989
2012.08.01,00:00,1.22989,1.2636,1.21337,1.25783
2012.09.01,00:00,1.25803,1.31706,1.25012,1.28595
2012.10.01,00:00,1.28488,1.31384,1.28031,1.29582
2012.11.01,00:00,1.29581,1.30267,1.26612,1.29848
2012.12.01,00:00,1.29934,1.33076,1.28769,1.3197
2013.01.01,00:00,1.32036,1.35931,1.29975,1.35869
2013.02.01,00:00,1.35864,1.37106,1.3018,1.30665
2013.03.01,00:00,1.30664,1.31341,1.27509,1.28148
2013.04.01,00:00,1.28112,1.32015,1.27454,1.31664
2013.05.01,00:00,1.31667,1.32427,1.27962,1.29956
2013.06.01,00:00,1.29922,1.34158,1.29555,1.30078
2013.07.01,00:00,1.30144,1.33446,1.27553,1.32963
2013.08.01,00:00,1.33022,1.34518,1.3175,1.32195
2013.09.01,00:00,1.32122,1.35685,1.31047,1.35215
2013.10.01,00:00,1.35215,1.3832,1.34734,1.3588
2013.11.01,00:00,1.35878,1.36214,1.32959,1.35901
2013.12.01,00:00,1.35878,1.3893,1.35241,1.37686
2014.01.01,00:00,1.3755,1.37749,1.3479,1.34849
2014.02.01,00:00,1.34855,1.38241,1.3477,1.38016
2014.03.01,00:00,1.37856,1.39666,1.37047,1.37735
2014.04.01,00:00,1.37734,1.39057,1.36725,1.38653
2014.05.01,00:00,1.38656,1.39932,1.35858,1.36339
2014.06.01,00:00,1.36304,1.36969,1.35028,1.36927
2014.07.01,00:00,1.36928,1.36991,1.33665,1.33877
2014.08.01,00:00,1.33872,1.34446,1.31323,1.31323
2014.09.01,00:00,1.31292,1.316,1.25712,1.26307
2014.10.01,00:00,1.26306,1.28868,1.24851,1.25231
2014.11.01,00:00,1.25085,1.25991,1.23571,1.24498
2014.12.01,00:00,1.24613,1.25696,1.20973,1.21018
2015.01.01,00:00,1.20538,1.2069,1.1097,1.12844
2015.02.01,00:00,1.13115,1.15332,1.11758,1.11957
2015.03.01,00:00,1.11805,1.12402,1.04619,1.07308
2015.04.01,00:00,1.07331,1.12659,1.05202,1.12222
2015.05.01,00:00,1.12188,1.14661,1.08185,1.09895
2015.06.01,00:00,1.09835,1.1436,1.08865,1.11453
2015.07.01,00:00,1.1138,1.12153,1.08078,1.09831
2015.08.01,00:00,1.09711,1.17138,1.08477,1.1209
2015.09.01,00:00,1.12079,1.146,1.10869,1.11763
2015.10.01,00:00,1.11748,1.14949,1.08966,1.1005
2015.11.01,00:00,1.10266,1.10527,1.05576,1.05643
2015.12.01,00:00,1.05639,1.10593,1.05222,1.08553
2016.01.01,00:00,1.08696,1.09844,1.07104,1.083
2016.02.01,00:00,1.08297,1.13761,1.08142,1.08718
2016.03.01,00:00,1.08751,1.14115,1.08219,1.13788
2016.04.01,00:00,1.13777,1.14645,1.12145,1.14504
2016.05.01,00:00,1.14582,1.16159,1.10977,1.11303
2016.06.01,00:00,1.11301,1.14278,1.09113,1.11048
2016.07.01,00:00,1.11014,1.11972,1.09314,1.11743
2016.08.01,00:00,1.11715,1.13661,1.10453,1.11571
2016.09.01,00:00,1.11562,1.13266,1.11228,1.12399
2016.10.01,00:00,1.12262,1.12439,1.08507,1.09762
2016.11.01,00:00,1.09761,1.12991,1.05176,1.0587
2016.12.01,00:00,1.05891,1.08734,1.03249,1.05129
2017.01.01,00:00,1.051,1.0812,1.03399,1.07968
2017.02.01,00:00,1.07958,1.08284,1.04933,1.05757
2017.03.01,00:00,1.05731,1.09057,1.04946,1.06462
2017.04.01,00:00,1.06591,1.09506,1.05695,1.08921
2017.05.01,00:00,1.09086,1.1268,1.08387,1.1243
2017.06.01,00:00,1.12429,1.14451,1.11186,1.14254
2017.07.01,00:00,1.14175,1.18446,1.13121,1.18397
2017.08.01,00:00,1.18397,1.20699,1.16619,1.19039
2017.09.01,00:00,1.19039,1.20921,1.17171,1.18131
2017.10.01,00:00,1.17945,1.18797,1.15742,1.16457
2017.11.01,00:00,1.16451,1.19611,1.1554,1.19035
2017.12.01,00:00,1.19031,1.20255,1.17175,1.19941
2018.01.01,00:00,1.20088,1.25378,1.19155,1.24132
2018.02.01,00:00,1.24132,1.25554,1.21878,1.21929
2018.03.01,00:00,1.21924,1.24763,1.21546,1.23218
2018.04.01,00:00,1.23192,1.24137,1.20553,1.20774
2018.05.01,00:00,1.20772,1.2084,1.15098,1.16906
2018.06.01,00:00,1.16879,1.18519,1.15078,1.16831
2018.07.01,00:00,1.16841,1.17908,1.15747,1.16906
2018.08.01,00:00,1.16895,1.17333,1.13006,1.16021
2018.09.01,00:00,1.15955,1.18148,1.15255,1.1602
2018.10.01,00:00,1.16156,1.16243,1.13017,1.13135
2018.11.01,00:00,1.13134,1.14994,1.12153,1.13155
2018.12.01,00:00,1.13499,1.14855,1.12694,1.14596
2019.01.01,00:00,1.14454,1.15698,1.12889,1.14461
2019.02.01,00:00,1.14468,1.1488,1.12336,1.13696
2019.03.01,00:00,1.13697,1.14477,1.11756,1.12166
2019.04.01,00:00,1.12258,1.13235,1.11105,1.1214
2019.05.01,00:00,1.12148,1.12644,1.11066,1.11676
2019.06.01,00:00,1.11644,1.14116,1.11596,1.13693
2019.07.01,00:00,1.1367,1.13707,1.10601,1.10749
2019.08.01,00:00,1.10749,1.12495,1.0963,1.09893
2019.09.01,00:00,1.09899,1.11094,1.08846,1.08991
2019.10.01,00:00,1.08991,1.11793,1.0879,1.11514
2019.11.01,00:00,1.11514,1.11753,1.0981,1.10152
2019.12.01,00:00,1.10241,1.12392,1.10029,1.12154
2020.01.01,00:00,1.12132,1.12143,1.09922,1.10943
2020.02.01,00:00,1.10907,1.10927,1.07775,1.10293
2020.03.01,00:00,1.10407,1.14964,1.06355,1.10349
2020.04.01,00:00,1.10299,1.1039,1.07269,1.09507
2020.05.01,00:00,1.09485,1.1145,1.07664,1.11076
2020.06.01,00:00,1.1115,1.14222,1.11003,1.12336
2020.07.01,00:00,1.1234,1.19086,1.11847,1.17713
2020.08.01,00:00,1.17697,1.1966,1.16957,1.19361
2020.09.01,00:00,1.19358,1.20108,1.16122,1.1721
2020.10.01,00:00,1.1721,1.18806,1.16398,1.16462
2020.11.01,00:00,1.16468,1.20034,1.16019,1.19256
2020.12.01,00:00,1.19261,1.23099,1.19253,1.22129
2021.01.01,00:00,1.22395,1.23494,1.20536,1.21353
2021.02.01,00:00,1.21301,1.22432,1.19522,1.20727
2021.03.01,00:00,1.20688,1.21132,1.17041,1.17298
2021.04.01,00:00,1.17298,1.21502,1.17124,1.20208
2021.05.01,00:00,1.20301,1.22664,1.1986,1.2225
2021.06.01,00:00,1.22254,1.22543,1.18452,1.1856
2021.07.01,00:00,1.18559,1.19087,1.17519,1.1873
2021.08.01,00:00,1.18641,1.18997,1.1664,1.18083
2021.09.01,00:00,1.18078,1.19091,1.15626,1.15769
2021.10.01,00:00,1.1574,1.164,1.15292,1.15493
